fit_time,win_length_sec,weights,thresh,seed,sample,n_mfcc,max_points,hop_length_sec,distance,alpha,mean_auc,std_auc,rank,mean_train_auc,std_train_auc
0.576860268910726,0.2888888888888889,"(1, 1)",1666.6666666666667,28,13,10,250,0.5,<function wasserstein at 0x7d55b84b4ae0>,0.4666666666666667,0.949277038750723,0.03636214224850438,1,0.9454483787817121,0.020460703835790666
2.6469415028889975,0.2888888888888889,"(1, 1)",1000.0,28,18,10,200,0.4111111111111111,<function wasserstein at 0x7d55b84b4ae0>,0.6833333333333333,0.9388953152111047,0.051923219864257776,2,0.9601060462171573,0.019168827091997166
2.6561005115509033,0.37777777777777777,"(1, 2)",1666.6666666666667,28,13,15,250,0.5,<function wasserstein at 0x7d55b84b4ae0>,0.6111111111111112,0.9377289377289376,0.047548553061344964,3,0.9480712702934925,0.030081048054863144
3.273698409398397,0.2888888888888889,"(1, 1)",1444.4444444444443,28,18,15,150,0.5,<function wasserstein at 0x7d55b84b4ae0>,0.7555555555555556,0.9377289377289376,0.04754855306134496,3,0.9621885316329761,0.02050854913849238
7.059515158335368,0.9111111111111112,"(1, 1)",2333.3333333333335,28,18,10,250,0.2777777777777778,<function wasserstein at 0x7d55b84b4ae0>,0.6111111111111112,0.9355263157894737,0.03866366660161626,5,0.9544498711165378,0.01894927002542661
1.8610191345214844,1.0,"(2, 1)",3000.0,28,17,10,150,0.5,<function wasserstein at 0x7d55b84b4ae0>,0.4666666666666667,0.9232118758434548,0.03972936410845413,6,0.9607188079410302,0.01808644608311331
4.012458721796672,0.4666666666666667,"(1, 2)",1666.6666666666667,28,12,20,100,0.4555555555555556,<function wasserstein at 0x7d55b84b4ae0>,0.7555555555555556,0.9214526701368807,0.012636151210207992,7,0.9355876633654411,0.017404325592989267
3.343803962071737,1.0,"(1, 2)",1000.0,28,10,10,200,0.32222222222222224,<function wasserstein at 0x7d55b84b4ae0>,0.3944444444444445,0.9119529593213803,0.06380897033337558,8,0.9043142043142044,0.03243128459407758
2.739580233891805,0.2,"(2, 1)",2111.1111111111113,28,11,15,100,0.3666666666666667,<function wasserstein at 0x7d55b84b4ae0>,0.6111111111111112,0.9111095045305572,0.07009750584785945,9,0.9057986252430696,0.019303747336836635
6.631357431411743,0.2,"(2, 1)",1222.2222222222222,28,10,15,200,0.4111111111111111,<function wasserstein at 0x7d55b84b4ae0>,0.9,0.9109841912473492,0.07247812673532648,10,0.9201193867860535,0.037537892427464345
5.538859923680623,0.4666666666666667,"(1, 2)",1444.4444444444443,28,19,10,200,0.4111111111111111,<function wasserstein at 0x7d55b84b4ae0>,0.8277777777777778,0.9097551571235782,0.06954536032714066,11,0.9194919278252612,0.034311482435616394
0.571104367574056,0.8222222222222222,"(1, 1)",2555.5555555555557,28,13,10,100,0.5,<function wasserstein at 0x7d55b84b4ae0>,0.4666666666666667,0.9032244071717755,0.04071843553350108,12,0.894511147288925,0.04694624160060117
7.010821183522542,0.37777777777777777,"(1, 2)",1444.4444444444443,28,19,15,150,0.2777777777777778,<function wasserstein at 0x7d55b84b4ae0>,0.6111111111111112,0.9020050125313284,0.0816988789223465,13,0.9061988423099533,0.030861899102223787
4.723122437795003,0.4666666666666667,"(1, 1)",2777.777777777778,28,17,20,200,0.4111111111111111,<function wasserstein at 0x7d55b84b4ae0>,0.6833333333333333,0.9018363215731636,0.04668494077323777,14,0.948893185004296,0.017128517719040864
3.4951870441436768,0.2,"(2, 1)",1666.6666666666667,28,11,20,150,0.5,<function wasserstein at 0x7d55b84b4ae0>,0.6833333333333333,0.9013880855986119,0.05922905676464974,15,0.9212205489983267,0.0218959524716804
0.5639442602793375,0.2,"(1, 2)",1444.4444444444443,28,13,20,100,0.5,<function wasserstein at 0x7d55b84b4ae0>,0.32222222222222224,0.8985685367264314,0.08212788115169083,16,0.9008400036177814,0.04461277191793069
1.5803155899047852,0.8222222222222222,"(1,)",2111.1111111111113,28,14,10,150,0.4111111111111111,<function wasserstein at 0x7d55b84b4ae0>,0.4666666666666667,0.894866975130133,0.07625100046032934,17,0.8778444806222584,0.0011088922775397071
156.1591280301412,0.4666666666666667,"(1, 2)",1888.888888888889,28,18,20,150,0.23333333333333334,<function wasserstein at 0x7d55b84b4ae0>,0.4666666666666667,0.893353576248313,0.07802893787345516,18,0.9250972278750057,0.03479396228152444
1.2183550198872883,0.37777777777777777,"(1,)",1666.6666666666667,28,15,15,250,0.4555555555555556,<function wasserstein at 0x7d55b84b4ae0>,0.4666666666666667,0.8933198380566801,0.07892781515011638,19,0.9412924524035636,0.027241500538055477
1.1397937138875325,0.37777777777777777,"(2, 1)",1000.0,28,11,15,150,0.4111111111111111,<function wasserstein at 0x7d55b84b4ae0>,0.32222222222222224,0.8878012338538656,0.05784196808010998,20,0.900191064079953,0.019464832846029942
3.812141180038452,1.0,"(2, 1)",3000.0,28,12,10,200,0.23333333333333334,<function wasserstein at 0x7d55b84b4ae0>,0.32222222222222224,0.8869433198380566,0.03836946722578194,21,0.8825396825396825,0.05839610107064082
2.8687573273976645,0.37777777777777777,"(1, 1)",2777.777777777778,28,13,10,200,0.4555555555555556,<function wasserstein at 0x7d55b84b4ae0>,0.6111111111111112,0.8821476768845189,0.039348977818084996,22,0.8980124813458147,0.03907577797385323
10.131437381108602,0.7333333333333334,"(1, 2)",2777.777777777778,28,12,10,200,0.32222222222222224,<function wasserstein at 0x7d55b84b4ae0>,0.8277777777777778,0.8746481588586851,0.03970051604413482,23,0.9049970605526162,0.03109783310735449
11.835650126139322,0.2,"(1, 1)",1000.0,28,10,10,200,0.23333333333333334,<function wasserstein at 0x7d55b84b4ae0>,0.7555555555555556,0.8680017351069981,0.10851480317648395,24,0.8628872156649935,0.04664913818272147
1.3142720063527424,0.5555555555555556,"(1, 2)",1000.0,28,10,10,100,0.4111111111111111,<function wasserstein at 0x7d55b84b4ae0>,0.6111111111111112,0.8641604010025062,0.08072373959161541,25,0.8606147967259078,0.051449225333639825
4.69518764813741,0.4666666666666667,"(2, 1)",1444.4444444444443,28,18,20,150,0.23333333333333334,<function wasserstein at 0x7d55b84b4ae0>,0.32222222222222224,0.8626132639290534,0.07265633066753388,26,0.9032865282865283,0.02153359273672615
4.723099072774251,0.4666666666666667,"(1, 1)",2777.777777777778,28,15,20,100,0.23333333333333334,<function wasserstein at 0x7d55b84b4ae0>,0.32222222222222224,0.8616203971467128,0.07660101321629943,27,0.8547110297110297,0.0553932157957232
6.859480142593384,0.37777777777777777,"(1, 2)",1000.0,28,14,20,150,0.18888888888888888,<function wasserstein at 0x7d55b84b4ae0>,0.32222222222222224,0.8582658569500675,0.10771891673884534,28,0.8631020214353547,0.03495898789161976
1.5928050676981609,0.7333333333333334,"(1,)",1666.6666666666667,28,15,10,150,0.5,<function wasserstein at 0x7d55b84b4ae0>,0.6111111111111112,0.8564006169269328,0.08641032327432029,29,0.8872563650341428,0.03379907080398151
1.784756104151408,0.2,"(2, 1)",1666.6666666666667,28,13,10,150,0.3666666666666667,<function wasserstein at 0x7d55b84b4ae0>,0.3944444444444445,0.8539907460960093,0.06709045907119701,30,0.8712352462352463,0.06784439352665848
2.41433318456014,0.9111111111111112,"(1,)",2555.5555555555557,28,12,15,200,0.4111111111111111,<function wasserstein at 0x7d55b84b4ae0>,0.6833333333333333,0.8512675920570657,0.07477723706252769,31,0.839543481210148,0.03423002103616039
4.696000576019287,0.2888888888888889,"(1,)",1000.0,28,10,10,200,0.23333333333333334,<function wasserstein at 0x7d55b84b4ae0>,0.6833333333333333,0.8500096394833236,0.08473998132152674,32,0.8697813503369058,0.04047397423768308
3.7997594674428306,0.9111111111111112,"(1,)",2111.1111111111113,28,18,10,150,0.2777777777777778,<function wasserstein at 0x7d55b84b4ae0>,0.8277777777777778,0.8484046655099288,0.06936379869545908,33,0.8191697191697193,0.012667109875494553
21.627195835113525,0.37777777777777777,"(1, 1)",2333.3333333333335,28,13,20,200,0.1,<function wasserstein at 0x7d55b84b4ae0>,0.7555555555555556,0.8448525159051475,0.06373748834125537,34,0.8645242617464839,0.028980016310289413
60.47124449412028,0.37777777777777777,"(2, 1)",1444.4444444444443,28,17,20,150,0.18888888888888888,<function wasserstein at 0x7d55b84b4ae0>,0.6833333333333333,0.8432282629651051,0.07450757339073061,35,0.859177859177859,0.025781690209470423
2.1524599393208823,0.6444444444444445,"(1,)",2333.3333333333335,28,19,10,200,0.3666666666666667,<function wasserstein at 0x7d55b84b4ae0>,0.6111111111111112,0.8377096587622903,0.03397201192729987,36,0.8372303622303622,0.060017713604224386
1.7421043713887532,0.4666666666666667,"(1, 2)",1888.888888888889,28,10,20,150,0.2777777777777778,<function wasserstein at 0x7d55b84b4ae0>,0.25,0.8349575862733758,0.05464692684020567,37,0.8283792339347894,0.030737958241578937
2.862659215927124,0.4666666666666667,"(1,)",2555.5555555555557,28,12,15,100,0.2777777777777778,<function wasserstein at 0x7d55b84b4ae0>,0.6833333333333333,0.8345286292654714,0.09442909992456143,38,0.8386412969746303,0.05351630301746056
4.105294068654378,0.5555555555555556,"(1, 2)",1666.6666666666667,28,15,15,200,0.4111111111111111,<function wasserstein at 0x7d55b84b4ae0>,0.6111111111111112,0.8330730672835935,0.06153623433056661,39,0.8621738343960567,0.03100352956106492
4.942286491394043,0.2,"(2, 1)",1000.0,28,12,15,200,0.18888888888888888,<function wasserstein at 0x7d55b84b4ae0>,0.25,0.8200645845382688,0.008376425368557382,40,0.8191414552525664,0.04675882733551683
3.3794545332590737,0.4666666666666667,"(1, 2)",2777.777777777778,28,19,15,250,0.2777777777777778,<function wasserstein at 0x7d55b84b4ae0>,0.32222222222222224,0.8153749759012917,0.07812916181319593,41,0.8692036358703025,0.047892023225063675
6.582488934199016,0.7333333333333334,"(1, 2)",2111.1111111111113,28,15,25,250,0.4111111111111111,<function wasserstein at 0x7d55b84b4ae0>,0.9,0.8080055909003278,0.03004744853211741,42,0.8067019400352734,0.02838639568557455
19.43367926279704,1.0,"(1, 2)",1666.6666666666667,28,18,10,200,0.1,<function wasserstein at 0x7d55b84b4ae0>,0.4666666666666667,0.807017543859649,0.02686034028384736,43,0.8118346673902229,0.017435305487527416
9.16333293914795,0.2,"(2, 1)",1666.6666666666667,28,18,25,200,0.2777777777777778,<function wasserstein at 0x7d55b84b4ae0>,0.6833333333333333,0.8056149990360516,0.06662455275413291,44,0.8219101885768553,0.048156551569924724
18.128689606984455,0.2,"(2, 1)",1666.6666666666667,28,14,20,200,0.18888888888888888,<function wasserstein at 0x7d55b84b4ae0>,0.6833333333333333,0.8048968575284365,0.053495080236352986,45,0.861200425089314,0.023335726924472094
1.14806071917216,0.9111111111111112,"(1, 2)",1000.0,28,13,15,100,0.5,<function wasserstein at 0x7d55b84b4ae0>,0.3944444444444445,0.8008386350491614,0.06660213480212013,46,0.8053362275584498,0.06505247606329437
4.604418754577637,0.2888888888888889,"(1, 1)",1888.888888888889,28,15,25,250,0.5,<function wasserstein at 0x7d55b84b4ae0>,0.9,0.7996626180836707,0.058554066900933226,47,0.8103468547912992,0.038868789576403266
0.725675106048584,0.4666666666666667,"(1, 2)",1888.888888888889,28,13,15,200,0.2777777777777778,<function wasserstein at 0x7d55b84b4ae0>,0.25,0.7982504337767495,0.07613423598866247,48,0.8093723149278705,0.06153614114509048
4.453987280527751,0.5555555555555556,"(1,)",1888.888888888889,28,16,10,200,0.32222222222222224,<function wasserstein at 0x7d55b84b4ae0>,0.9,0.7907460960092539,0.026830836478997352,49,0.7903235653235653,0.04017216950366312
2.194766044616699,0.9111111111111112,"(1, 1)",1222.2222222222222,28,10,20,150,0.5,<function wasserstein at 0x7d55b84b4ae0>,0.6833333333333333,0.7848611914401388,0.12286406394463681,50,0.765079365079365,0.053796843097754565
4.77085820833842,0.6444444444444445,"(1,)",2111.1111111111113,28,12,20,200,0.2777777777777778,<function wasserstein at 0x7d55b84b4ae0>,0.6833333333333333,0.7835116637748216,0.08041072534037358,51,0.787742504409171,0.031617454631417866
3.2314743200937905,0.4666666666666667,"(1, 2)",2777.777777777778,28,14,15,250,0.23333333333333334,<function wasserstein at 0x7d55b84b4ae0>,0.25,0.7804463080778871,0.05145177187121177,52,0.7968389635056301,0.024426288784841196
3.2788589795430503,0.2,"(1,)",2111.1111111111113,28,18,15,100,0.1,<function wasserstein at 0x7d55b84b4ae0>,0.4666666666666667,0.7784412955465587,0.023129123204761137,53,0.7882410799077465,0.019506423049643756
3.6446328163146973,0.5555555555555556,"(1,)",1666.6666666666667,28,14,10,250,0.32222222222222224,<function wasserstein at 0x7d55b84b4ae0>,0.7555555555555556,0.776701368806632,0.12262101246123723,54,0.8061988423099534,0.059608611106661075
7.84065047899882,0.37777777777777777,"(1, 2)",2111.1111111111113,28,12,20,100,0.1,<function wasserstein at 0x7d55b84b4ae0>,0.3944444444444445,0.770493541546173,0.04551355114978001,55,0.8573293989960656,0.012501904707159292
1.2130746841430664,0.7333333333333334,"(2, 1)",1222.2222222222222,28,12,15,250,0.4555555555555556,<function wasserstein at 0x7d55b84b4ae0>,0.6833333333333333,0.7703441295546559,0.04322201845250939,56,0.8056799167910279,0.058802060672955216
14.532389799753824,0.6444444444444445,"(1, 1)",3000.0,28,12,10,200,0.18888888888888888,<function wasserstein at 0x7d55b84b4ae0>,0.538888888888889,0.7662859070753808,0.02972675140167425,57,0.8058483697372587,0.06991701780649873
10.11371890703837,0.6444444444444445,"(1, 2)",2333.3333333333335,28,18,15,150,0.18888888888888888,<function wasserstein at 0x7d55b84b4ae0>,0.8277777777777778,0.7616685945633316,0.044852613791476745,58,0.7791830597386152,0.023832125235902495
1.066250483194987,0.7333333333333334,"(1, 2)",3000.0,28,12,25,200,0.5,<function wasserstein at 0x7d55b84b4ae0>,0.6833333333333333,0.7508386350491613,0.007865109574658634,59,0.7893784199339754,0.06998671349689758
9.889482100804647,0.9111111111111112,"(1,)",2777.777777777778,28,14,10,250,0.1,<function wasserstein at 0x7d55b84b4ae0>,0.7555555555555556,0.7491854636591478,0.06618932079286989,60,0.7864841948175282,0.035987345161323035
152.9684804280599,0.8222222222222222,"(1, 2)",1000.0,28,18,25,150,0.3666666666666667,<function wasserstein at 0x7d55b84b4ae0>,0.538888888888889,0.7450742240215925,0.06481041361076535,61,0.8080088635644191,0.04518384611227073
7.149275302886963,0.6444444444444445,"(1, 1)",2777.777777777778,28,12,20,200,0.3666666666666667,<function wasserstein at 0x7d55b84b4ae0>,0.8277777777777778,0.7428812415654521,0.04913881236485555,62,0.7650737122959347,0.0815817018032713
5.726002136866252,0.8222222222222222,"(1,)",2777.777777777778,28,10,10,200,0.18888888888888888,<function wasserstein at 0x7d55b84b4ae0>,0.6111111111111112,0.7407798342008869,0.05338802536973388,63,0.7533057477501922,0.04059658625854366
23.46907679239909,1.0,"(1, 1)",1222.2222222222222,28,14,25,200,0.1,<function wasserstein at 0x7d55b84b4ae0>,0.8277777777777778,0.7335935993830732,0.035001204204528104,64,0.7680617736173292,0.029021438842849766
4.7763839562733965,0.7333333333333334,"(1, 2)",3000.0,28,11,20,250,0.3666666666666667,<function wasserstein at 0x7d55b84b4ae0>,0.8277777777777778,0.7335261229998072,0.11397474309126927,65,0.7525347080902637,0.042461413761344914
1.2579737504323323,0.37777777777777777,"(1, 1)",1222.2222222222222,28,11,10,250,0.5,<function wasserstein at 0x7d55b84b4ae0>,0.25,0.7287401195295932,0.1125665429678224,66,0.7853751187084521,0.03325193048435246
51.151121616363525,1.0,"(1, 1)",2777.777777777778,28,14,20,250,0.14444444444444446,<function wasserstein at 0x7d55b84b4ae0>,0.7555555555555556,0.7170040485829959,0.04486848874889723,67,0.7520892687559354,0.022845477834028394
0.9499224821726481,1.0,"(1, 2)",1000.0,28,17,20,150,0.5,<function wasserstein at 0x7d55b84b4ae0>,0.6111111111111112,0.7124831309041836,0.05498027512283999,68,0.8286754397865509,0.03524783849987298
2.72227144241333,0.5555555555555556,"(1,)",2555.5555555555557,28,11,10,100,0.1,<function wasserstein at 0x7d55b84b4ae0>,0.9,0.706174089068826,0.08605191085796465,69,0.6717564328675439,0.02607399843465216
4.9704521497090655,0.9111111111111112,"(1,)",3000.0,28,17,25,250,0.32222222222222224,<function wasserstein at 0x7d55b84b4ae0>,0.8277777777777778,0.7059186427607479,0.07423053233971613,70,0.6842502148057704,0.03458313247790024
20.6510063012441,0.9111111111111112,"(1, 1)",1444.4444444444443,28,16,20,250,0.23333333333333334,<function wasserstein at 0x7d55b84b4ae0>,0.8277777777777778,0.704689608636977,0.10134863352915771,71,0.7734251345362457,0.03813496576167225
8.597159544626871,0.8222222222222222,"(2, 1)",3000.0,28,16,15,150,0.2777777777777778,<function wasserstein at 0x7d55b84b4ae0>,0.7555555555555556,0.6971226142278774,0.09072931367745107,72,0.7677033871478316,0.025974728256054562
11.915370225906372,0.7333333333333334,"(2, 1)",1000.0,28,13,25,200,0.23333333333333334,<function wasserstein at 0x7d55b84b4ae0>,0.6111111111111112,0.6853817235396183,0.03932772220876495,73,0.7248507665174332,0.10999067033858981
6.468221187591553,0.37777777777777777,"(1,)",3000.0,28,15,25,200,0.23333333333333334,<function wasserstein at 0x7d55b84b4ae0>,0.9,0.6845189897821476,0.08546953548626621,74,0.6703895898340343,0.04205295094368875
14.416057109832764,0.2888888888888889,"(2, 1)",2333.3333333333335,28,12,25,200,0.23333333333333334,<function wasserstein at 0x7d55b84b4ae0>,0.8277777777777778,0.6797329863119338,0.04696670309753065,75,0.6933579794690906,0.03925941043091258
12.491299231847128,0.9111111111111112,"(2, 1)",1222.2222222222222,28,10,20,250,0.14444444444444446,<function wasserstein at 0x7d55b84b4ae0>,0.32222222222222224,0.6786075766338925,0.0973043890119045,76,0.6758807036584814,0.03689441097436453
7.09921932220459,0.5555555555555556,"(1, 1)",1222.2222222222222,28,11,20,100,0.14444444444444446,<function wasserstein at 0x7d55b84b4ae0>,0.538888888888889,0.677646038172354,0.03702982394326291,77,0.677246416135305,0.038449716777625986
6.699649810791016,0.6444444444444445,"(2, 1)",2555.5555555555557,28,16,10,100,0.1,<function wasserstein at 0x7d55b84b4ae0>,0.6111111111111112,0.6774484287642183,0.06902482900405302,78,0.7539072039072039,0.07159993413033053
5.189791361490886,0.8222222222222222,"(2, 1)",2777.777777777778,28,11,15,100,0.18888888888888888,<function wasserstein at 0x7d55b84b4ae0>,0.32222222222222224,0.6733420088683246,0.019619246115772346,79,0.6928910595577262,0.04169290043716131
3.5926779905954995,0.37777777777777777,"(1, 1)",1666.6666666666667,28,19,25,200,0.3666666666666667,<function wasserstein at 0x7d55b84b4ae0>,0.4666666666666667,0.6724214382109119,0.04366300562086409,80,0.7254296115407226,0.05292036724402591
2.5574901898701987,0.6444444444444445,"(1, 1)",1888.888888888889,28,11,15,150,0.3666666666666667,<function wasserstein at 0x7d55b84b4ae0>,0.538888888888889,0.6609793715056873,0.12930342926025037,81,0.738225252114141,0.0259912461853991
162.28284994761148,0.4666666666666667,"(1, 2)",2555.5555555555557,28,16,25,150,0.1,<function wasserstein at 0x7d55b84b4ae0>,0.6833333333333333,0.6607624831309041,0.0269117016207959,82,0.7477524533080088,0.034506107462038874
7.923610687255859,0.9111111111111112,"(1, 1)",2777.777777777778,28,19,20,100,0.1,<function wasserstein at 0x7d55b84b4ae0>,0.6111111111111112,0.6534605745132062,0.057168069041768216,83,0.6696049834938723,0.060541229491636865
20.304369767506916,0.8222222222222222,"(1, 2)",2555.5555555555557,28,17,20,200,0.1,<function wasserstein at 0x7d55b84b4ae0>,0.6833333333333333,0.6446067090803932,0.06418008209563386,84,0.7348516709627821,0.01181933846288181
3.291163762410482,0.37777777777777777,"(1,)",2333.3333333333335,28,13,25,200,0.32222222222222224,<function wasserstein at 0x7d55b84b4ae0>,0.6111111111111112,0.642004048582996,0.06390012441026241,85,0.7312248451137341,0.058437938782686515
1.7223602930704753,0.7333333333333334,"(1,)",2333.3333333333335,28,13,20,250,0.32222222222222224,<function wasserstein at 0x7d55b84b4ae0>,0.4666666666666667,0.6386446886446886,0.05190167268835911,86,0.6782401754623977,0.08182424348549534
6.283121665318807,1.0,"(1,)",1888.888888888889,28,19,25,200,0.23333333333333334,<function wasserstein at 0x7d55b84b4ae0>,0.6833333333333333,0.6336225178330442,0.07762548857422857,87,0.6565187898521232,0.07049458796984191
1.3434601624806721,1.0,"(1, 2)",1000.0,28,17,20,100,0.5,<function wasserstein at 0x7d55b84b4ae0>,0.4666666666666667,0.627327935222672,0.07678262173360734,88,0.8024827024827025,0.0437616230211364
5.326604286829631,0.9111111111111112,"(2, 1)",1888.888888888889,28,14,20,100,0.18888888888888888,<function wasserstein at 0x7d55b84b4ae0>,0.25,0.6268170426065163,0.03175943963441302,89,0.6053441414552526,0.022466210201581377
3.419930934906006,0.7333333333333334,"(1, 2)",3000.0,28,14,20,250,0.23333333333333334,<function wasserstein at 0x7d55b84b4ae0>,0.25,0.6155629458261037,0.07921089712879907,90,0.6362128612128611,0.060064374090719304
1.628880262374878,0.6444444444444445,"(2, 1)",1444.4444444444443,28,14,20,100,0.3666666666666667,<function wasserstein at 0x7d55b84b4ae0>,0.32222222222222224,0.6079670329670329,0.05188793702096928,91,0.5888515805182472,0.035694612796862805
0.5605054696400961,0.2,"(1,)",1666.6666666666667,28,14,25,200,0.5,<function wasserstein at 0x7d55b84b4ae0>,0.32222222222222224,0.6059427414690572,0.06936226416843533,92,0.6215970243748022,0.010420381514928549
3.219724178314209,0.5555555555555556,"(1, 2)",1222.2222222222222,28,11,25,150,0.3666666666666667,<function wasserstein at 0x7d55b84b4ae0>,0.3944444444444445,0.5982166955851166,0.11388266816845541,93,0.6885678107900329,0.020952788819453175
0.9771622021993002,0.6444444444444445,"(1, 1)",2555.5555555555557,28,12,15,250,0.5,<function wasserstein at 0x7d55b84b4ae0>,0.25,0.5893531906689802,0.10816956573596512,94,0.6291943653054765,0.07890272192730176
5.550539255142212,0.5555555555555556,"(2, 1)",1666.6666666666667,28,12,15,100,0.18888888888888888,<function wasserstein at 0x7d55b84b4ae0>,0.6111111111111112,0.5790871409292461,0.11027075077315292,95,0.6759214036991815,0.0762188456135469
0.5284350713094076,0.37777777777777777,"(1, 1)",1888.888888888889,28,12,25,100,0.5,<function wasserstein at 0x7d55b84b4ae0>,0.25,0.5764411027568922,0.08736987332301749,96,0.6052785691674579,0.061008865388425544
5.238270918528239,0.5555555555555556,"(1,)",2777.777777777778,28,19,15,250,0.14444444444444446,<function wasserstein at 0x7d55b84b4ae0>,0.25,0.5584008097165992,0.0840067391658419,97,0.6390692126803238,0.05916247524977282
0.7307993570963541,0.4666666666666667,"(1, 2)",1222.2222222222222,28,11,25,200,0.3666666666666667,<function wasserstein at 0x7d55b84b4ae0>,0.32222222222222224,0.5148592635434741,0.12041919221501332,98,0.6462318545651878,0.002511095944769557
1.240299145380656,0.6444444444444445,"(1, 1)",2111.1111111111113,28,17,20,100,0.3666666666666667,<function wasserstein at 0x7d55b84b4ae0>,0.25,0.4663148255253518,0.053627530431600665,99,0.6551926468593136,0.04748271192621495
1.230879783630371,0.5555555555555556,"(1,)",1444.4444444444443,28,16,20,100,0.32222222222222224,<function wasserstein at 0x7d55b84b4ae0>,0.25,0.451701368806632,0.08296764138228974,100,0.5287229231673676,0.0923320881610294
